<?xml version="1.0" encoding="utf-8"?>
<publication_record>
   <modules>
      <published_part name="ap203_configuration_controlled_3d_design_of_mechanical_parts_and_assemblies">
         <edition version="2" cvs_tag="WG3-N2602-AP210e2_IS">
            <iso_record date_submitted="2009-07-21" date_published="yyyy-mm-dd"/>
            <directory name="."/>
            <directory name="dvlp"/>
            <directory name="sys"/>
         </edition>
      </published_part>
   </modules>
</publication_record>