<?xml version="1.0" encoding="utf-8"?>
<publication_record>
   <resource_doc>
      <published_part name="representation_structures">
         <edition version="3" cvs_tag="y">
            <iso_record date_submitted="2011-02-07" date_published="yyyy-mm-dd"/>
            <directory name=".">
               <file name="example_use_of_mapped_item_and_representation_map.gif" cvs_revision="1.1" cvs_date="Thu Feb 22 10:25:53 2007"/>
               <file name="example_use_of_representation_relationship_with_transformation.gif" cvs_revision="1.1" cvs_date="Thu Feb 22 10:25:52 2007"/>
               <file name="index.xml" cvs_revision="1.2" cvs_date="Fri Nov 16 08:21:03 2007"/>
               <file name="resdocindex.xml" cvs_revision="1.2" cvs_date="Fri Nov 16 08:21:03 2007"/>
               <file name="resource.xml" cvs_revision="1.34" cvs_date="Sun Dec 26 12:06:25 2010"/>
               <file name="schema_diagexpg1.gif" cvs_revision="1.2" cvs_date="Fri Nov 16 08:21:03 2007"/>
               <file name="schema_diagexpg1.xml" cvs_revision="1.1" cvs_date="Thu Feb 22 10:25:52 2007"/>
            </directory>
            <directory name="dvlp">
               <file name="issues.xml" cvs_revision="1.2" cvs_date="Fri Nov 16 08:21:03 2007"/>
               <file name="projmg.xml" cvs_revision="1.2" cvs_date="Fri Nov 16 08:21:03 2007"/>
            </directory>
            <directory name="sys">
               <file name="1_scope.xml" cvs_revision="1.2" cvs_date="Fri Nov 16 08:21:03 2007"/>
               <file name="2_refs.xml" cvs_revision="1.2" cvs_date="Fri Nov 16 08:21:03 2007"/>
               <file name="3_defs.xml" cvs_revision="1.2" cvs_date="Fri Nov 16 08:21:03 2007"/>
               <file name="4_schema.xml" cvs_revision="1.2" cvs_date="Fri Nov 16 08:21:03 2007"/>
               <file name="a_short_names.xml" cvs_revision="1.2" cvs_date="Fri Nov 16 08:21:03 2007"/>
               <file name="abstract.xml" cvs_revision="1.2" cvs_date="Fri Nov 16 08:21:03 2007"/>
               <file name="add_scope.xml" cvs_revision="1.2" cvs_date="Fri Nov 16 08:21:03 2007"/>
               <file name="b_obj_reg.xml" cvs_revision="1.2" cvs_date="Fri Nov 16 08:21:03 2007"/>
               <file name="biblio.xml" cvs_revision="1.2" cvs_date="Fri Nov 16 08:21:03 2007"/>
               <file name="c_exp.xml" cvs_revision="1.2" cvs_date="Fri Nov 16 08:21:03 2007"/>
               <file name="c_exp_schema_4.xml" cvs_revision="1.2" cvs_date="Fri Nov 16 08:21:03 2007"/>
               <file name="contents.xml" cvs_revision="1.2" cvs_date="Fri Nov 16 08:21:03 2007"/>
               <file name="cover.xml" cvs_revision="1.2" cvs_date="Fri Nov 16 08:21:03 2007"/>
               <file name="d_expg.xml" cvs_revision="1.2" cvs_date="Fri Nov 16 08:21:03 2007"/>
               <file name="examples.xml" cvs_revision="1.2" cvs_date="Fri Nov 16 08:21:03 2007"/>
               <file name="foreword.xml" cvs_revision="1.2" cvs_date="Fri Nov 16 08:21:03 2007"/>
               <file name="introduction.xml" cvs_revision="1.2" cvs_date="Fri Nov 16 08:21:03 2007"/>
               <file name="isocover.xml" cvs_revision="1.1" cvs_date="Wed Jan 30 14:18:30 2008"/>
               <file name="main.xml" cvs_revision="1.2" cvs_date="Fri Nov 16 08:21:03 2007"/>
               <file name="resdocindex.xml" cvs_revision="1.2" cvs_date="Fri Nov 16 08:21:03 2007"/>
               <file name="tech_discussion.xml" cvs_revision="1.2" cvs_date="Fri Nov 16 08:21:03 2007"/>
            </directory>
         </edition>
      </published_part>
   </resource_doc>
</publication_record>