<?xml version="1.0" encoding="utf-8"?>
<publication_record>
   <application_protocols>
      <published_part name="electronic_assembly_interconnect_and_packaging_design">
         <edition version="2" cvs_tag="WG3-N2602-AP210e2_IS">
            <iso_record date_submitted="2009-07-21" date_published="yyyy-mm-dd"/>
            <directory name="."/>
            <directory name="dvlp"/>
            <directory name="sys"/>
         </edition>
      </published_part>
   </application_protocols>
</publication_record>